Advertiser URL,Advertiser Category,Program ID,Program Name,Contract Status,Tracking Link,Allows Deep Linking,Payout
https://www.popai.pro,Website Hosting,38580,PopAi,Active,https://01aipteltd.pxf.io/c/7401119/3106551/38580,true,Online Sale: 35%-45%
https://www.popai.pro,Website Hosting,50251,PopAi AI Sheets,Active,https://sheetspopaipro.sjv.io/c/7401119/3834578/50251,true,"Online Sale: 35%-45%
Sign-Up: $0.10"
https://12go.com,Transportation,27128,"12Go Asia Pte., Ltd.",Active,https://12goasiapteltd.sjv.io/c/7401119/2134440/27128,true,Online Sale: 100%
https://365datascience.com,Software,11148,365 Data Science Online Program,Active,https://365datascience.pxf.io/c/7401119/774298/11148,true,Completed Purchase: 30%
https://365datascience.com,Learning,19953,365 Financial Analyst,Active,https://365financialanalyst.sjv.io/c/7401119/1716838/19953?subId1=57%25%20OFF%20an%20Annual%20Plan%20for%20365%20Financial%20Analyst,true,completed purchase: 50%
https://8000kicks.com,Shoes,44202,8000Kicks,Active,https://8000kicks.sjv.io/c/7401119/3359384/44202,true,Online Sale: 10%
https://www.accio.com/,B2B,44474,ACCIO GLOBAL TECHNOLOGY PTE. LTD,Active,https://accio.sjv.io/c/7401119/3367255/44474,true,"Purchase-PC Client: 20%-30%
Download-PC Client: USD0.00"
www.acebeam.com,Outdoors & Recreation,19551,ACEBEAM Flashlight,Active,https://acebeamflashlight.sjv.io/c/7401119/1685780/19551,true,Online Sale: 8%-10%
https://adguard.com,Apps,49891,AdGuard VPN,Active,https://adguard.sjv.io/c/7401119/3824000/49891,true,"Renewal: 40%
Upgrade: 40%
Purchase: 40%
Sign Up: USD0.00"
https://adventology.co.uk,Bags & Accessories,47802,Global Trade Rates,Active,https://gtr.pxf.io/c/7401119/3762182/47802,true,Online Sale: £30.00
https://www.aeroband.net,Collectibles & Hobbies,42471,AeroBand,Active,https://goto.aeroband.net/c/7401119/3282613/42471,true,"Online Sales-ca: 10%
Online Sale: 10%"
https://aimer.com/,Women's Apparel,44745,AIMER HONG KONG LIMITED,Active,https://aimerhongkonglimited.pxf.io/c/7401119/3374053/44745,true,Online Sale: 15%
http://www.airalo.com,Mobile Services & Telecommunications,15608,Airalo,Active,https://airalo.pxf.io/c/7401119/1268485/15608,true,"Android App : 10%-15%
iOS App : 10%-15%
Sale: 10%-15%"
https://www.mede.cc,"Credit Cards, Reporting & Repair",47192,mypal.pro,Active,https://mypalpro.pxf.io/c/7401119/3743961/47192,true,"International Transfers: 0.25%
Funds Movement: 0.25%
Card Issuance: USD3.00"
https://www.pagewings.com/,Women's Apparel,21143,teachersgram.com,Active,https://teachersgram.pxf.io/c/7401119/1787069/21143,true,Online Sale: 12%
https://it.alpinestars.com/,Sports Apparel & Accessories,27754,Alpinestars EMEA,Active,https://alpinestarsde.pxf.io/c/7401119/2166030/27754,true,Online Sale: 8%
https://www.amigosim.com/,Apps,34019,Amigo eSIM,Active,https://amigoesim.pxf.io/c/7401119/2900873/34019?irck=xyz12,true,Online Sale: 20%
https://amofashionltd.com/,Women's Apparel,34963,Amofashion LTD,Active,https://amofashionltd.pxf.io/c/7401119/2949526/34963,true,Online Sale: 20%
http://amotopart.com,Parts & Accessories,24551,Amotopart Fairing Creator Recruitment,Active,https://autocreatorrecruitment.sjv.io/c/7401119/1995924/24551,true,Online Sale: 10%
https://www.iaohi.com,Consumer Electronics,41025,AOHi,Active,https://aodainternationallimited.pxf.io/c/7401119/3232390/41025,true,Online Sale: 15%-18%
https://joinappex.com,Outdoors & Recreation,47862,FitnessAI,Active,https://goto.fitnessai.com/c/7401119/3764430/47862,false,"Android App: 20%
iOS App: 20%
Subscription Purchase: 20%
Android App: 0%
iOS App: 0%"
https://appsumo.com,Apps,7443,AppSumo,Active,https://appsumo.8odi.net/c/7401119/416948/7443,true,"Product Approval: $50.00
Online Sale: 100%
Product Submission: 0%"
https://arccaptain.com/,Furniture & Home Decor,52929,Arccaptain,Active,https://arccaptain.pxf.io/c/7401119/3898395/52929,true,Online Sale: 2%
http://www.arenacollection.com/,Accommodations,34996,Arena Collection ,Active,https://arenacollection.sjv.io/c/7401119/2951229/34996,true,Online Booking: 4%
http://hotelarenalspring.com/,Accommodations,43843,Arenal Springs Resort & Spa(GLOBAL),Active,https://arenalspringsresortspa.pxf.io/c/7401119/3326422/43843,true,Online Booking: 4%
http://www.arkudadigital.com,Apps,5172,Arkuda Digital,Active,https://arkmc.pxf.io/c/7401119/348881/5172,true,Media Streaming Apps: 0.01%
https://www.ArtemisAds.com,Pet Supplies,45738,Fragralley - Amazon Seller - US,Active,https://fragralleyamazonsellerus.sjv.io/c/7401119/3415945/45738,true,Online Sale: 35%
https://www.artzmiami.com,Bed & Bath,49920,ArtZMiami,Active,https://artzmiami.sjv.io/c/7401119/3824877/49920,true,Online Sale: 15%
http://www.atzavarahotel.com/,Accommodations,36939,Atzavara Hotel & Spa,Active,https://atzavarahotelspa.sjv.io/c/7401119/3040611/36939,true,Online Booking: 4%
https://auraligned.com,Jewelry & Watches,52980,AURALIGN,Active,https://peakhealthltd.pxf.io/c/7401119/3900610/52980,true,Online Sale: 5%
https://www.avidlove.com,Women's Apparel,36253,AVIDLOVE,Active,https://hongkonglinemartlimited.pxf.io/c/7401119/3008955/36253,true,Online Sale: 10%
http://azulixtapa.com/,Transportation,37574,"Azul Ixtapa Hotels ( MX, UK, FR, ES)",Active,https://azulixtapa.pxf.io/c/7401119/3069053/37574,true,Public Terms : 4%
http://www.azzhoteles.com/en/,Accommodations,34998,Azz Hoteles,Active,https://azzhoteles.pxf.io/c/7401119/2951277/34998,true,Online Booking: 4%
http://b-rent.com/en,Accommodations,47205,"B-rent(IT,ES,EN,FR)",Active,https://brent.sjv.io/c/7401119/3744565/47205,true,Online Booking: 4%
http://www.baglionihotels.com,Accommodations,51599,Baglioni Hotels by Palace Company(GLOBAL),Active,https://baglionihotelsbypalacecompany.sjv.io/c/7401119/3865383/51599,true,Online Booking: 4%
https://www.bcengi.com,Internet Service Provider,41060,Bcengi,Active,https://bcengi.sjv.io/c/7401119/3242903/41060,true,"Automated Refill: 15%
Online Purchase: 15%"
http://bdthemes.com,"Themes, Code, Graphics, Video & more",9302,BdThemes Affiliate Program,Active,https://elementpackpro.sjv.io/c/7401119/557329/9302,true,Sales Tracker: 30%
http://en.beachscape.com.mx,Transportation,16708,Beach Scape Kin Ha Villas ( GLOBAL ),Active,https://beachscapekinhavillas.pxf.io/c/7401119/1403200/16708,true,Online Booking: 4%
http://www.berjayahotel.com/,Accommodations,24503,Berjaya Hospitality Group,Active,https://berjayahotelsresorts.sjv.io/c/7401119/1992609/24503,true,Online Booking: 3%
https://bestchoiceproducts.com,Bed & Bath,33479,Best Choice Products,Active,https://bestchoiceproducts.sjv.io/c/7401119/2873487/33479,true,Online Sale: 10%
https://roam.virginconnect.com/,Accessories & Services,33562,Virgin Connect Roam Travel eSIM,Active,https://roamvirginconnect.pxf.io/c/7401119/2878182/33562,true,Online Sale: 15%
https://www.trybinge.tv,Movie & TV,26155,BINGE Movies & TV,Active,https://bingemoviestv.pxf.io/c/7401119/2083708/26155,true,"Paid Subscription: $8.00
Android app: 0%
ios App BINGE: 0%
Recurring Subscription: 0%
Free Trial Start: $0.00"
http://www.bitdefender.com,Apps,4466,Bitdefender,Active,https://bitdefender.f9tmep.net/c/7401119/278689/4466,true,"Sale: EUR5.00,10%-50%"
https://bitgw.com,Loans & Financial Services,53893,BitGW Exchange,Active,https://bitgwcoltd.pxf.io/c/7401119/3926481/53893,true,"First AMM Trade: $80.00
First Deposit : $20.00
KYC Verified: $5.00-$20.00
Transaction Revenue: 55%
Sign Up: $0.00"
https://store.boyamic.com/,Consumer Electronics,32616,BOYA,Active,https://boya.pxf.io/c/7401119/2827017/32616,true,Online Sale: 10%
https://store.boyamic.com/,,33495,Saramonic,Active,https://saramonic.sjv.io/c/7401119/2874099/33495,true,Online Sale: 8%-10%
https://byteplus.com,Images,48404,BytePlus,Active,https://byteplus.pxf.io/c/7401119/3782364/48404,true,"Paid Usage: 10%-30%
Card Binding Unactivated: 0%
Trial Unactivated: USD0.00
Sign-Up Unactivated: USD0.00"
https://bytesim.com,Mobile Services & Telecommunications,38561,ByteSIM,Active,https://bytesimlimited.pxf.io/c/7401119/3106182/38561,true,Online Sale: 10%
https://capelin-crew.com,Sports Apparel & Accessories,47961,"Capelin Crew Ski, Snowboard & Outdoor Gear",Active,https://capelingarmentltd.pxf.io/c/7401119/3766526/47961,true,Online Sale: 10%
http://cariloha.com,,14163,Cariloha,Active,https://cariloha.pxf.io/c/7401119/1117073/14163,true,Online Sale: 6%
https://www.ottocast.com/,Parts & Accessories,49590,Ottocast-Amazon seller-USA,Active,https://ottocastamazonsellerusa.pxf.io/c/7401119/3814776/49590,true,Online Sale: 10%
https://www.cellresearchcorp.com/,Cosmetics & Skin Care,28321,Calecim Professional Affiliate,Active,https://calecim.pxf.io/c/7401119/2200344/28321,true,Online Sale: 20%
http://www.chatrium.com,Accommodations,23629,Chatrium Hotels & Residences,Active,https://chatriumhotelsresidences.pxf.io/c/7401119/1947502/23629,true,Online Booking: 6%
https://zolucky.com,Women's Apparel,15916,Hardaddy,Active,https://hardaddy.pxf.io/c/7401119/1302443/15916,true,Online Sale: 12%
https://zolucky.com,Women's Apparel,18221,Kollyy,Active,https://kollyy.sjv.io/c/7401119/1566914/18221,true,Online Sale: 10%
https://cleanemail.com,Apps,5448,Clean Email,Active,https://cleanemailr.pxf.io/c/7401119/371308/5448,true,Sale: 30%
https://cleanster.com,Home Improvement,28000,"Cleanster, Inc.",Active,https://cleansterinc.sjv.io/c/7401119/2177883/28000,true,Job Completed: $10.00
https://www.cliganic.com,Cosmetics & Skin Care,34200,Cliganic,Active,https://cliganic.sjv.io/c/7401119/2911202/34200,true,Online Sale: 15%
https://clym.io,B2B,37528,Clym Inc,Active,https://goto.clym.io/c/7401119/3066998/37528,true,"Closed Won: $500.00
Demo Completed: $50.00
Subscriptions: 18%
Renewals: 15%
Trial Signups: $0.00"
https://www.cognifit.com/,First Aid & pharmacy,17261,CogniFit,Active,https://cognifit.sjv.io/c/7401119/1457006/17261,true,"Paid Subscription (JS): 15%
Sign Up: $0.00"
http://www.compasshospitality.com,Accommodations,24689,Compass Hospitality(GLOBAL),Active,https://compasshospitality.pxf.io/c/7401119/2003925/24689,true,Online Booking: 6%
https://www.coohom.com/,Computers,21254,Coohom Commission Program,Active,https://coohom.pxf.io/c/7401119/1793325/21254,true,Online Sale: 30%
http://www.crownandchamparesorts.com/,Accommodations,24504,Crown & Champa Resorts,Active,https://crownchamparesorts.pxf.io/c/7401119/1992611/24504,true,Online Booking: 6%
https://ctrader.com,Auctions,43990,cTrader Ltd,Active,https://ctraderltd.pxf.io/c/7401119/3330754/43990,true,Product Purchase: 10%
http://www.danubiushotels.com,Accommodations,23993,Danubius Hotels(GLOBAL),Active,https://danubiushotels.pxf.io/c/7401119/1963973/23993,true,Online Booking: 5%
https://www.nbatopshot.com,Sports Apparel & Accessories,42103,NBA Top Shot ,Active,https://goto.nbatopshot.com/c/7401119/3279127/42103,true,Purchase: 10%
http://mydataninja.com,B2B,28719,MyDataNinja,Active,https://mydataninja.pxf.io/c/7401119/2222599/28719?trafsrc=impact,true,Online Sale : 15%
https://pi.inc,Collectibles & Hobbies,47529,Presentation Intelligence,Active,https://deepvincilimited.sjv.io/c/7401119/3754415/47529,true," Subscribe: 20%
Sign-up: USD0.00"
http://www.delphinusworld.com/,Transportation,32685,Delphinus World,Active,https://delphinus.sjv.io/c/7401119/2832263/32685,true,Online Booking: 13%
https://www.dhgate.com,Women's Apparel,12108,DHgate,Active,https://dhgate.sjv.io/c/7401119/868543/12108,true,"Purchase: 2%-50%
Android - DHgate App: 2%-50%
iOS - DHgate App: 2%-50%"
https://store.hiby.com,Consumer Electronics,50036,"Dongguan HiBy Music Technology Co., Ltd.",Active,https://dongguanhibymusictechnologycoltd.pxf.io/c/7401119/3826843/50036,true,Online Sale: 10%
http://shop.doreljuvenile.com/,Baby Essentials,23708,Maxi-Cosi,Active,https://doreljuvenile.pxf.io/c/7401119/1950530/23708,true,Online Sale: 5%
http://dymocks.com.au,Collectibles & Hobbies,16665,Dymocks Books & Gifts ,Active,https://dymocks-australia.pxf.io/c/7401119/1398797/16665,true,Online Sale: 0%
https://ebrands.com/,Games/Toys,18069,Puzzle Ready affiliate program,Active,https://puzzlereadyaffiliateprogram.pxf.io/c/7401119/1549130/18069,true,Online Sale: 10%
https://ebrands.com/,Kitchen & Dining,18086,Happy Sinks Affiliate Program,Active,https://happy-sinks-eu.sjv.io/c/7401119/1549971/18086,true,Online Sale: 10%
https://ebrands.com/,,18088,INDO Trick Scooter affiliate program,Active,https://indo-tricks-scooter.sjv.io/c/7401119/1549977/18088,true,Online Sale: 10%
https://ebrands.com/,,18089,Coach Soak affiliate program,Active,https://coach-soak.sjv.io/c/7401119/1549982/18089,true,Online Sale: 20%
https://ebrands.com/,,18090,Bodyotics affiliate program,Active,https://bodyotics.sjv.io/c/7401119/1549984/18090,true,Online Sale: 10%
https://ebrands.com/,Sports & Exercise Equipment,18091,Fofana affiliate program,Active,https://fofana.sjv.io/c/7401119/1549986/18091,true,Online Sale: 10%
https://ebrands.com/,,18358,Penchant for Pleasure,Active,https://penchant-for-pleasure.sjv.io/c/7401119/1582170/18358,true,Online Sale: 10%
https://ebrands.com/,Patio & Garden,18359,Big Bat Box,Active,https://big-bat-box.pxf.io/c/7401119/1582173/18359,true,Online Sale: 15%
https://ebrands.com/,,18360,Striking Viking,Active,https://viking-beard-gear.pxf.io/c/7401119/1582181/18360,true,Online Sale : 10%
https://ebrands.com/,Spa & Personal Grooming,18533,Ontaki Affiliate program,Active,https://ontaki.pxf.io/c/7401119/1597430/18533,true,Online Sale: 10%
https://ebrands.com/,Clothing & Accessories,18660,Baby Deep Sleep ,Active,https://babydeepsleep.pxf.io/c/7401119/1608958/18660,true,Online Sale: 10%
https://ebrands.com/,Games/Toys,18664,GAFLY,Active,https://gafly.pxf.io/c/7401119/1608966/18664,true,Online Sale: 10%
https://ebrands.com/,Sports Apparel & Accessories,24272,Open Goaaal,Active,https://opengoaaal.sjv.io/c/7401119/1979994/24272,true,Online Sale: 5%
https://ebrands.com/,Sports Apparel & Accessories,24273,Angles90,Active,https://angles90.sjv.io/c/7401119/1979996/24273,true,Online Sale: 10%
https://ebrands.com/,Sports Apparel & Accessories,24275,Lux,Active,https://lux.sjv.io/c/7401119/1980001/24275,true,Online Sale: 10%
https://ebrands.com/,Spa & Personal Grooming,24278,Charlemange,Active,https://charlemange.pxf.io/c/7401119/1980006/24278,true,Online Sale: 10%
https://ebrands.com/,Clothing & Accessories,24279,Baby Sunnies,Active,https://babysunnies.pxf.io/c/7401119/1980009/24279,true,Online Sale: 10%
https://thebestprop.com,Loans & Financial Services,48235,THE BEST PROP,Active,https://ebudgetltd.sjv.io/c/7401119/3777355/48235,true,"Upsell / Higher-tier Challenge Purchase: 0%
Challenge purchase: 0%
User Signup: USD0.00"
https://www.esdcodes.com,Software,51739,Esd Codes,Active,https://ecokeyportalcollc.pxf.io/c/7401119/3869512/51739,true,Sale: 5%
https://www.eezysun.com/,Outdoors & Recreation,26398,EEZYSUN,Active,https://eezybrandscorporation.pxf.io/c/7401119/2095091/26398,true,Online Sale: 20%
http://efem.es,Learning,30086,EFEM(ES),Active,https://efem.pxf.io/c/7401119/2435853/30086,true,Online booking: 16%-60%
http://elightup.com,"Themes, Code, Graphics, Video & more",12511,Meta Box,Active,https://metabox.sjv.io/c/7401119/914269/12511,false,Sale: 30%
https://www.zenhotels.com/,Transportation,43614,ZenHotels,Active,https://emergingtravelinc.pxf.io/c/7401119/3321365/43614,true,Consumed Booking: 6.5%
http://www.pelago.com,Transportation,22181,Pelago by Singapore Airlines,Active,https://pelago.pxf.io/c/7401119/1851844/22181,true,Online Booking: 2%-15%
https://www.linnerlife.com,,26400,LINNER OTC Heraing Aids,Active,https://ephamedtechinc.pxf.io/c/7401119/2095211/26400,true,Online Sale: 15%
https://www.buybestgear.com,Women's Apparel,16384,Ursime,Active,https://ursime.pxf.io/c/7401119/1361811/16384,true,Online Sale: 2%
http://www.esimatic.com,Internet Service Provider,21770,Esimatic Ltd.,Active,https://esimsia.sjv.io/c/7401119/1826566/21770,true,"Purchase: 10%
Esimatic - Android: 10%
Esimatic - iOS: 10%
Esimatic - Android: 0%
Esimatic - iOS: 0%"
https://esimo.io,Transportation,48791,eSIMo,Active,https://esimo.pxf.io/c/7401119/3792662/48791,true,"eSIMo - Android: 10%
Sales: 10%
eSIMo - iOS: 10%
eSIMo - Android: 0%
eSIMo - Android: 0%
eSIMo - iOS: 0%
eSIMo - iOS: 0%"
https://www.esmondnaturalusa.com,Diet & Nutrition,40711,Esmond Natural USA,Active,https://esmondnatural.sjv.io/c/7401119/3225303/40711,true,Online sale: 10%
https://etravelsim.com,Accessories & Services,24670,EtravelSIM,Active,https://etravelsim.pxf.io/c/7401119/2002541/24670,true,Online Sale: 11%
https://de.eureka.com/,Household Essentials & Services,27583,Eureka EU,Active,https://eueurekacom.sjv.io/c/7401119/2159438/27583,true,Online Sale: 12%
www.justfitpro.com,Apps,24460,JustFit,Active,https://justfit.sjv.io/c/7401119/1989820/24460,true,"Online Sale: 45%
iOS-JustFit: 35%
Android-JustFit: 35%
iOS-JustFit: 0%
Android-JustFit: 0%"
www.justfitpro.com,Apps,24461,Me+ Daily Routine Planner ,Active,https://me.sjv.io/c/7401119/1989822/24461,true,"Android-Me+: 35%
iOS-Me+: 35%
Android-Me+: 0%
iOS-Me+: 0%"
www.justfitpro.com,Apps,24462,"ShutEye®: Sleep Tracker, Sound",Active,https://shuteye.pxf.io/c/7401119/1989824/24462,true,"iOS-ShutEye: 35%
Android-ShutEye: 35%
iOS-ShutEye: 0%
Android-ShutEye: 0%"
http://www.sandandsky.com,Cosmetics & Skin Care,17524,Sand&Sky,Active,https://sand-and-sky.sjv.io/c/7401119/1485463/17524,true,Online Sale: 2%
http://anker.com,Consumer Electronics,18024,Eufy NL & CA,Active,https://eufy.sjv.io/c/7401119/1543970/18024,true,"Online Sale - CA: 7%
Online Sale: 7%"
https://flashcloud.com,Website Hosting,52759,Flashcloud Affiliate Program,Active,https://flashcloud.pxf.io/c/7401119/3892581/52759,true,Subscription Purchase: $60.00
https://flowerknows.co,Fragrance,41972,Flower Knows,Active,https://flowerknowscosmeticsinc.sjv.io/c/7401119/3274793/41972?trafsrc=impact,true,Online Sale: 5%
https://mooyius.com/,Women's Apparel,32511,oyrosy.com,Active,https://oyrosycom.sjv.io/c/7401119/2820691/32511,true,Online Sale: 12%
https://mooyius.com/,Women's Apparel,32512,mooyius.com,Active,https://mooyiuscom.sjv.io/c/7401119/2820693/32512,true,Online Sale: 12%
https://outfitrer.com/,Outdoors & Recreation,33100,youngelectricbikes,Active,https://youngelectricbikes.pxf.io/c/7401119/2853051/33100,true,Online Sale: 10%-12%
https://www.bleequp.com,Sports Apparel & Accessories,42783,FutureBleep Technology Limited,Active,https://futurebleeptechnologylimited.pxf.io/c/7401119/3290303/42783,true,Online Sale: 8%
https://g4free.com,Sports Apparel & Accessories,33113,G4Free Activewear,Active,https://go.sjv.io/c/7401119/2853696/33113,true,Online Sale: 20%
https://www.gearupbooster.com/,Apps,40222,GearUP,Active,https://gearup.sjv.io/c/7401119/3204502/40222,true,Paid Subscription: 70%
https://www.gearupbooster.com/,Apps,53368,GearUP for Mobile,Active,https://gearupapp.pxf.io/c/7401119/3911079/53368,true,"Android-GearUP: 50%
iOS-GearUP: 50%"
http://www.airhubapp.com,Transportation,21179,Airhub App,Active,https://gighubsystemsinc.sjv.io/c/7401119/1790263/21179,true,Online Sale: 10%
http://www.globaldelight.com,Apps,19978,Global Delight Technologies,Active,https://globaldelight.sjv.io/c/7401119/1718086/19978,true,Online Sale: 20%-30%
https://wheeltop.com,Sports Apparel & Accessories,41066,WHEELTOP Affiliate Program,Active,https://globaloneclicktechnologycolimited.pxf.io/c/7401119/3242987/41066,true,"Online sale-US: 10%
Online Sale: 10%"
https://greekmoving.com,Loans & Financial Services,39845,Good Greek Moving and Storage,Active,https://goodgreekmovingandstorage.pxf.io/c/7401119/3193355/39845,true,Sale: 4%
https://laavooextensions.com,Handmade Goods,46805,Moresoo Hair Extensions,Active,https://moresoo.pxf.io/c/7401119/3731284/46805,true,Online Sale: 14%
https://laavooextensions.com,Handmade Goods,51250,Ugeat Hair Official,Active,https://ugeat.pxf.io/c/7401119/3855421/51250,true,Online Sale: 12%
https://laavooextensions.com,Handmade Goods,51251,Laavoo Extensions,Active,https://laavooextensions.sjv.io/c/7401119/3855423/51251,true,Online Sale: 14%
https://laavooextensions.com,Handmade Goods,51252,vivien Hair,Active,https://vivienhair.sjv.io/c/7401119/3855426/51252,true,Online Sale: 14%
https://www.hbada.com,Supplies & Furniture,52071,HBADA,Expired,https://hbada.pxf.io/c/7401119/3879334/52071,true,Online Sale: 5%
https://www.hbada.com,Supplies & Furniture,52143,hbada eu,Expired,https://hbadaeu.pxf.io/c/7401119/3880869/52143,true,Online Sale: 5%
https://www.helium10.com,,37271,Helium 10,Active,https://i.helium10.com/c/7401119/3054775/37271,false,"Subscription Purchase: 25%-100%
Recurring Subscription: 25%"
http://hightideinc.com/,Diet & Nutrition,10322,NuLeaf Naturals CBD,Active,https://nuleafnaturals.sjv.io/c/7401119/652068/10322,true,Online Sale: 10%-50%
https://www.postjoyebike.com,Recreational Vehicles,53416,"HK BEIRUI TRADE CO., LIMITED",Active,https://hkbeiruitradecolimited.pxf.io/c/7401119/3912334/53416,true,Online Sale: 3%
https://poposoapsolar.com,Home & Garden,44481,POPOSOAP,Active,https://hkdragonworthtechnologylimited.pxf.io/c/7401119/3367337/44481,true,Online Sale: 12%
https://store.hohem.com/,Sports Apparel & Accessories,23003,Hohem Affiliate Program,Active,https://hohemholdinghongkonglimited.sjv.io/c/7401119/1918273/23003,true,Online Sale: 1%-14%
https://www.homestyler.com,"Home, Pet & Garden",22993,Homestyler,Active,https://homestyler.sjv.io/c/7401119/1917730/22993,true,"Online Sale: 20%-30%
Sign Up: 0%"
https://www.geekbuying.com,Sports Apparel & Accessories,13004,GeekBuying,Active,https://geekbuying.pxf.io/c/7401119/988751/13004,true,Online Sale: 2%-8%
https://solacechic.com,Women's Apparel,46802,Omfort,Active,https://omfort.sjv.io/c/7401119/3731076/46802,true,Online Sale: 10%
https://merachfit.com/,Sports & Exercise Equipment,42158,Merachfit,Active,https://hongkongmerachtechnologycolimited.pxf.io/c/7401119/3279852/42158,true,Online Sale: 8%-10%
http://www.rosewe.com,Women's Apparel,17059,Modlily,Active,https://modlily.sjv.io/c/7401119/1436026/17059,true,Online Sale: 8%
https://www.ashimaryhair.com,Women's Apparel,48095,HONGKONG OSSILEE TRADING LIMITED,Active,https://hongkongossileetradinglimited.sjv.io/c/7401119/3771858/48095,true,Online Sale: 10%
https://www.ashimaryhair.com,Women's Apparel,48215,Kisslove Hair,Active,https://kisslovehaircom.pxf.io/c/7401119/3776183/48215,true,Online Sale: 8%
http://us.fossibot.com/,Outdoors & Recreation,32481,de.fossibot,Active,https://defossibot.sjv.io/c/7401119/2818950/32481,true,Online Sale: 8%
https://hototools.com,Home Improvement,18215,HOTO,Active,https://hototools.sjv.io/c/7401119/1565352/18215,true,Online Sale: 10%
https://www.lightingwill.com,B2B,27006,LightingWill,Active,https://lightingwill.sjv.io/c/7401119/2126013/27006,true,OnlineSale - TEST: 10%
https://ice.gi,Apps,47094,IceVPN,Active,https://iceprivacyltd.pxf.io/c/7401119/3741732/47094,true,"Subscription: 20%
Account Creation: USD0.00"
https://www.incerunmen.com/,Sports Apparel & Accessories,25262,Incerunmen Affiliate Program,Active,https://incerunmen.pxf.io/c/7401119/2028663/25262?trafsrc=impact&trafcat=aff,true,Online Sale: 12%
https://dumblescore.com,Sports & Outdoor,52158,DumbleScore,Active,https://inscribegmbh.pxf.io/c/7401119/3881444/52158,true,"Subscription: 40%
Registration: EUR0.00"
http://www.insotelhotelgroup.com/en,Accommodations,23811,Insotel Hotel Group(GLOBAL),Active,https://insotelhotelgroup.pxf.io/c/7401119/1954976/23811,true,Online Booking: 4%
https://instantfunding.com/,,29840,Instant Funding,Active,https://instantfunding.sjv.io/c/7401119/2386495/29840,true,Sale: 8%
https://mulerun.com/chat,Apps,44028,MuleRun,Active,https://mulerun.pxf.io/c/7401119/3331494/44028,true,"Subscribe: 50%
Purchase: 0%
Sign-up: USD0.00"
http://www.invideo.io,Images,12258,InVideo,Active,https://invideo.sjv.io/c/7401119/883681/12258,true,"InVideo AI - Paid Subscription: 25%-50%
Paid Subscription: 25%-50%
Recurring Subscription: 50%
Invideo AI - Android: 25%
Invideo AI - iOS: 25%
Invideo AI - Android: 0%
Invideo AI - Android: 0%
Invideo AI - Android: 0%
Invideo AI - iOS: 0%
Invideo AI - iOS: 0%
Invideo AI - iOS: 0%
inVideo AI - Sign-up: USD0.00
Sign-up: USD0.00"
http://iproyal.com,Apps,15731,IPRoyal,Active,https://iproyal.sjv.io/c/7401119/1281667/15731,true,"Payout Request: 10%
Order Sum : 10%
Proxy Registration: US$0.00
Pawns Registration: US$0.00"
https://italist.com,Women's Apparel,53066,Italist Inc.,Active,https://italistinc.pxf.io/c/7401119/3902149/53066,true,Online Sale: 12%
https://italist.com,Women's Apparel,53088,Hewi ,Active,https://hewi.pxf.io/c/7401119/3902631/53088,true,Online Sale: 4%-6%
http://www.jaresortshotels.com/,Accommodations,26202,JA Resorts & Hotels(GLOBAL),Active,https://jaresortshotels.pxf.io/c/7401119/2085622/26202,true,Online Booking: 6%
http://www.jackery.com,Computers,20686,Jackery NL,Active,https://itjackery.pxf.io/c/7401119/1762660/20686,true,Online Sale: 8%
http://jalbum.net,Website Hosting,17916,jAlbum Affiliate Program,Active,https://jalbum-affiliate-program.sjv.io/c/7401119/1531950/17916,true,Online Sale: 20%
https://www.jetpacglobal.com/us/,Winter,21879,Jetpac Global,Active,https://affiliate.jetpacglobal.com/c/7401119/1833340/21879,true,Online Sale: 10%
https://www.joom.com,Women's Apparel,41671,Joom,Active,https://joom.pxf.io/c/7401119/3261998/41671,true,Online Sale: 2%-25%
https://www.benpay.com,Loans & Financial Services,41918,BenPay,Active,https://jxjlinc.sjv.io/c/7401119/3273295/41918,true,"Trade: $2.00,4%-6%
Deposit: 0%"
https://www.kingbullbike.com/,Sports Apparel & Accessories,38928,Kingbull Electric Bikes,Active,https://kingbulltechnologycolimited.pxf.io/c/7401119/3120144/38928,true,Online Sale: 8%
https://www.kingcampoutdoors.com/,Outdoors & Recreation,51925,KingCamp Outdoors,Active,https://kingcampoutdoorproductscompanyhklimited.sjv.io/c/7401119/3875470/51925,true,Online Sale: 10%
https://kkday.com,Transportation,11745,KKday Australia,Active,https://kkday.sjv.io/c/7401119/840050/11745,true,Online Sale: 2%-5%
https://www.torraslife.com,Sports Apparel & Accessories,33675,TORRAS-COOLiFY,Active,https://coolifytorraslifecom.sjv.io/c/7401119/2884480/33675,true,Online Sale: 12%
http://www.lenovo.com/in/en,Computers,9634,Lenovo India,Active,https://lenovo-in.zlvv.net/c/7401119/584269/9634,true,Online Sale: 4%-8%
https://toyletite.store,Games/Toys,54109,Life TOYOYO,Active,https://lifetoyoyo.sjv.io/c/7401119/3932903/54109,true,"Recurring Sales: $12.00
Online Sale: $2.00"
http://www.eechic.com,Men's Apparel,17020,Printrendy,Active,https://printrendy.pxf.io/c/7401119/1432688/17020,true,Online Sale: 1%
http://www.lisbonheritagehotels.com,Accommodations,26114,Lisbon Heritage ( PT/ USA/ ES),Active,https://lisbonheritage.pxf.io/c/7401119/2081438/26114,true,Online Booking: 5%
http://www.lopesan.com,Accommodations,13538,Lopesan ( GLOBAL ),Active,https://lopesan.sjv.io/c/7401119/1041292/13538,true,Online Booking: 3%
https://www.getnomad.app,Apps,34279,Nomad eSIM,Active,https://lotusflareinc.pxf.io/c/7401119/2915870/34279,true,"Android: 3%-7.5%
iOS: 3%-7.5%
Online Sale: 3%-7.5%"
https://www.macrosoft.store,Software,33612,MACROSOFT STORE S.R.L.,Active,https://macrosoftstoresrl.pxf.io/c/7401119/2881519/33612,true,Sale: 18%
https://mc-prime.com,Loans & Financial Services,49323,Magic Compass Capital Limited,Active,https://magiccompasscapitallimited.pxf.io/c/7401119/3806141/49323,true,Trade: USD150.00
http://www.magichotelgroup.com/en,Accommodations,23995,Magic Hotel Group(GLOBAL),Active,https://magiccostablanca.pxf.io/c/7401119/1963984/23995,true,Online Booking: 4%
http://shopmakari.com/,Cosmetics & Skin Care,20749,Makari De Suisse,Active,https://makaridesuisse.sjv.io/c/7401119/1765850/20749,true,Online Sale : 10%
https://flowith.io,Website Hosting,53169,Flowith,Active,https://flowith.sjv.io/c/7401119/3904786/53169,true,"Online Sales: 20%
Sign Up: USD0.00"
https://www.margovil.com,Women's Apparel,44973,Margovil,Active,https://margovil.pxf.io/c/7401119/3384076/44973,true,Online Sale: 15%
http://www.marketxls.com,Apps,9372,TechNitya.com,Active,https://technitya.sjv.io/c/7401119/565398/9372,true,TechNitya Sale Event: 20%
http://www.martinic.com,Software,4482,Martinic Audio,Active,https://martinic.evyy.net/c/7401119/281363/4482,true,Sale: 30%
https://www.mbito.app/,Parts & Accessories,42806,Mbito - Mercedes OBD2 Diagnostic Tool,Active,https://mbito.sjv.io/c/7401119/3290738/42806,true,Online Sale: 10%
https://menavpn1.com,Software,37004,MenaVpn,Active,https://goto.menavpn1.com/c/7401119/3043619/37004,true,"Subscription: 50%
Recurring subscription: 35%"
https://us.anthbot.com,Patio & Garden,35272,ANTHBOT,Active,https://anthbot-international.pxf.io/c/7401119/2963040/35272,true,"Online Sales - FR: 10%
Online Sales - eu: 10%
Online Sales - uk: 10%
Online Sales - de: 10%
Online Sale: 10%"
https://vollyc.com/,Transportation,47550,VOLLYC,Active,https://merzogrouplimited.sjv.io/c/7401119/3755180/47550,true,Online Sale: 10%
https://vollyc.com/,Outdoors & Recreation,47696,FLEXTAIL,Active,https://flextail.pxf.io/c/7401119/3759267/47696,true,Online Sale: 10%
https://meshnology.com/,Computers,45783,Meshnology,Active,https://go.pxf.io/c/7401119/3418173/45783,true,Online Sale: 13%
https://mfimedical.com,First Aid & pharmacy,26283,MFI Medical,Active,https://mfimedical.sjv.io/c/7401119/2089249/26283,true,Online Sale: 2%
http://www.nh-hotels.com,Accommodations,15508,Minor Hotels(formerly NH Hoteles)( GLOBAL ),Active,https://nhhotelgroup.sjv.io/c/7401119/1260690/15508,true,Online Booking: 5%-6%
https://maya.net,Apps,49401,Maya Mobile - Affiliate Program,Active,https://mayamobile.pxf.io/c/7401119/3808432/49401,true,Online Sale: 15%-20%
https://muc-off.com/,Sports Apparel & Accessories,14325,Muc-Off,Active,https://mucoff.sjv.io/c/7401119/1131496/14325,true,"Online Sale: 7%-10%
Recurring Subscription: 10%"
http://mushroomsupplies.com,Diet & Nutrition,18134,MushroomSupplies.com,Active,https://mushroom-supplies.sjv.io/c/7401119/1554002/18134,true,Online Sale: 5%-8%
https://www.mydataremoval.com,B2B,34569,MyDataRemoval,Active,https://goto.mydataremoval.com/c/7401119/2928977/34569,true,"Subscription Purchase: 35%
Free Scan: $0.00"
https://mynextbike.co.uk,Sports & Exercise Equipment,45081,MyNextBike,Active,https://mynextbikeltd.pxf.io/c/7401119/3390549/45081,true,Online Sale: 5%
https://hailuoai.video,Collectibles & Hobbies,51611,Hailuo AI,Active,https://hailuoai.pxf.io/c/7401119/3866417/51611,true,"HailuoAI App for Android: 10%
HailuoAI App for iOS: 10%
Subscribe: 10%
Sign Up: USD0.00"
https://navimow.com/,Home & Garden,47785,Navimow US,Active,https://navimowinc.pxf.io/c/7401119/3761659/47785,true,Online Sale: 5%
http://neakasa.com,Pet Supplies,20973,neakasa.com,Active,https://neakasacom.sjv.io/c/7401119/1776914/20973,true,Online Sale: 10%
https://www.networksolutions.com,Website Hosting,555,Network Solutions Affiliate Program,Active,https://network-solutions.7eer.net/c/7401119/10998/555,false,Purchase: $3.00-$100.00
https://nexo.com,Loans & Financial Services,12544,Nexo,Active,https://nexo.sjv.io/c/7401119/918878/12544,true,"Card bonus: USD20.00
Zero Interest Credit: 100%
Futures: 20%
Interest: 10%
Borrow: 1%
Exchange: 0.2%
Deposit: 0%
Nexo - iOS: 0%
Nexo - iOS: 0%
Nexo - Android: 0%
Nexo - Android: 0%
Sign Up: 0%"
https://niphean.com,Spa & Personal Grooming,37610,GOO GOO HAIR AMAZON,Active,https://ggamazon.sjv.io/c/7401119/3070612/37610,true,Online Sale: 15%
http://www.nnhotels.com/en,Accommodations,24148,NN Hotels(GLOBAL),Active,https://nnhotels.sjv.io/c/7401119/1972998/24148,true,Online Booking: 7%
https://nobis.com,Women's Apparel,44724,Nobis,Active,https://nobisinc.pxf.io/c/7401119/3373557/44724,true,"Online Sale (EU): 5%
Online Sale (US): 5%
Online Sale (CA): 5%"
http://nordvpn.com,Computers,7452,NordVPN,Active,https://nordvpn.sjv.io/c/7401119/417838/7452,true,"New Customer Online Sale: 40%
NordProtect (US only): 30%
NordPass: 30%"
http://www.onemilebike.com/en-us,Sports & Exercise Equipment,21135,Onemile,Active,https://onemilebike.sjv.io/c/7401119/1787045/21135,true,Online Sale: 10%
www.obdeleven.com,Apps,21171,OBDeleven,Active,https://goto.obdeleven.com/c/7401119/1789127/21171,true,Online Sales: 10%
https://ohuhu.com,Sports & Exercise Equipment,45779,Sportneer,Active,https://sportneer.sjv.io/c/7401119/3418013/45779,true,Online Sale: 10%
http://www.omnisend.com,Apps,21260,Omnisend Affiliate Partner Program,Active,https://your.omnisend.com/c/7401119/1793390/21260,true,"Paid Subscription: 20%
Free Trial: USD0.00"
https://vidmage.ai,Software,45449,Vidmage,Active,https://vidmage.pxf.io/c/7401119/3406179/45449,true,"Online Sales: 30%
Sign-up: USD0.00"
https://www.oneplus.com,Consumer Electronics,14044,OnePlus FR,Active,https://oneplusfr.sjv.io/c/7401119/1103247/14044,true,Online Sale API - FR: 0.5%
https://orbitmobile.com,Internet Service Provider,32966,Orbit Mobile,Active,https://orbitmobile.sjv.io/c/7401119/2846112/32966,true,"Orbit Mobile iOS: 20%
Orbit Mobile Android: 20%
Purchase: 20%"
https://www.original-group.com/,Accommodations,13731,Original Resorts ( USA & LATAM ),Active,https://originalresorts.pxf.io/c/7401119/1071608/13731,true,Online Booking: 4%-6%
https://outin.com,Kitchen & Dining,49942,OutIn Inc.,Active,https://outininc.pxf.io/c/7401119/3825566/49942,true,"Online sale-FR: 20%
Online sale-ES: 20%
Online sale-IT: 20%
Online sale-DE: 20%
Online Sale: 20%"
https://www.pacdora.com,"Themes, Code, Graphics, Video & more",26804,Pacdora,Active,https://pacdora.sjv.io/c/7401119/2114187/26804,true,Online Sale: 30%
http://parallels.com,Apps,20120,WinZip,Active,https://winzip.sjv.io/c/7401119/1731378/20120,true,Online Sale: 10%
http://parallels.com,Apps,21243,Video editing program,Active,https://videoeditingprogram.pxf.io/c/7401119/1793092/21243,true,Online Sale: 10%
http://parallels.com,Apps,21244,Productivity program,Active,https://productivityprogram.sjv.io/c/7401119/1793095/21244,true,Online Sale: 10%
https://www.parentica.app,Learning,45854,Parentica AB,Active,https://parenticaab.pxf.io/c/7401119/3423511/45854,true,Online Sale: 25%
https://yce.perfectcorp.com/,Images,40471,YouCam Online Editor,Active,https://perfectmobilecorp.pxf.io/c/7401119/3217018/40471,true,"First Subscription: 25%
Purchase Credits: 25%"
https://simovo.com,Shopping,44766,SIMOVO,Active,https://planettelecomltd.pxf.io/c/7401119/3377243/44766,true,Online Sale: 10%
https://plantifique.com,Spa & Personal Grooming,54380,Plantifique,Active,https://plantifique.sjv.io/c/7401119/3942091/54380,true,Online Sale: 15%
https://www.plusmetrica.com,Creative Digital Assets,48595,PlusMetrica,Active,https://plusmetricafzco.sjv.io/c/7401119/3788680/48595,true,"Re-Subscription: 20%
Subscription: 20%
Sign Up: USD0.00"
https://www.pointsyeah.com,Loans & Financial Services,28900,PointsYeah.com,Expired,https://pointsyeahinc.sjv.io/c/7401119/2229924/28900,true,Membership Purchase: 30%
https://store.pongbotsports.com,Sports Apparel & Accessories,51732,PONGBOT Sports Affiliate Program,Active,https://pongbotlimited.sjv.io/c/7401119/3869205/51732,true,Online Sale: 5%
http://www.popilush.com/,Women's Apparel,16873,Popilush,Active,https://popilush.pxf.io/c/7401119/1417895/16873,true,Online Sale: 3%
https://preply.com/,Apps,24422,Preply Learners,Active,https://preply.sjv.io/c/7401119/1987575/24422,true,"New Trials: 70%
Subscription: $10.00"
https://www.printerpix.de,Gifts & Stationery,35652,PrinterPix DE,Active,https://printerpixukltd.pxf.io/c/7401119/2981264/35652,true,Online Sale: 10%
https://promeed.com,Bed & Bath,46700,Promeed,Active,https://promeed.sjv.io/c/7401119/3727801/46700,true,Online Sale: 12%
http://propmoney.com,Art & Photography,14559,Prop Money Inc.,Active,https://propmoneyinc.pxf.io/c/7401119/1151627/14559,true,Online Sale: 3%
https://proxy-cheap.com,Website Hosting,47563,Proxy-cheap,Active,https://lietparkasuab.pxf.io/c/7401119/3755772/47563,true,"Sale Re-subscription: 25%
Sale subscription: 25%
Lead signing: USD0.00"
https://jdsports.id,Women's Apparel,29551,JD Sports Indonesia,Active,https://jdsportsindonesia.pxf.io/c/7401119/2317816/29551,true,"Online Sale: 4%
iOS: 2%
Android: 2%"
https://www.pubrio.com,B2B,39879,Pubrio,Active,https://pubrio.pxf.io/c/7401119/3194404/39879,true,"Top Up: 25%
Subscribe: 25%
Sign Up: USD0.50"
https://mowrator.com,,26834,Reemo Innovation Limited,Active,https://mowrator.pxf.io/c/7401119/2116019/26834,true,Online Sale: 6%
https://mowrator.com,Patio & Garden,28771,Mowrator AU,Active,https://mowratorau.sjv.io/c/7401119/2223524/28771,true,Online Sale: 6%
https://saflyfun.com,Patio & Garden,53504,Yousky,Active,https://relieftech.sjv.io/c/7401119/3915795/53504?trafsrc=impact&trafcat=affilate,true,Online Sale: 8%
https://saflyfun.com,Sports & Exercise Equipment,53694,Saflyfun,Active,https://saflyfuncom.pxf.io/c/7401119/3920383/53694,false,Online Sale: 8%
https://saflyfun.com,Spa & Personal Grooming,53695,tisscare,Active,https://tisscarecom.pxf.io/c/7401119/3920385/53695,true,Online Sale: 8%
http://www.renderforest.com,Apps,14885,Renderforest,Active,https://renderforest.pxf.io/c/7401119/1184570/14885,true,"Online Sale: 20%-40%
Sign Up: USD0.00"
https://retouch4.me,"Themes, Code, Graphics, Video & more",39694,Retouch4me ,Active,https://relu0u.pxf.io/c/7401119/3151563/39694,true,"Recurring Subscription: 40%
Purchase: 10%
Account Creation: USD0.50"
http://www.reverencehotels.com,Accommodations,25789,Reverence Hotels (GLOBAL),Active,https://reverencehotels.pxf.io/c/7401119/2059583/25789,true,Online Booking: 5%
https://www.rewarx.com/,Collectibles & Hobbies,49656,Rewarx Limited,Active,https://rewarxlimited.pxf.io/c/7401119/3816790/49656,true,"Online Sales: 50%
Sign-up: USD0.00"
https://www.rowabi.com,Home & Garden,30391,Rowabi LLC,Active,https://rowabillc.pxf.io/c/7401119/2519345/30391,true,Online Sale: 5%
https://saily.com,Apps,25536,Saily,Active,https://saily.sjv.io/c/7401119/2044403/25536,false,Purchase: 10%
https://le-parmentier.com,Bags & Accessories,25375,LePARMENTIER Paris,Active,https://sartoriaoperaprimasrl.sjv.io/c/7401119/2036133/25375,true,Online Sale: 16%
https://www.scalahosting.com/,Apps,18136,SPanel,Active,https://imp.scalahosting.com/c/7401119/1554166/18136,true,"Recurring Subscription: 100%
Online Sale: 100%
Online Lead: $0.00"
http://www.selenichast.com,Jewelry & Watches,42778,Jewelhalo,Active,https://jewelhalocom.pxf.io/c/7401119/3290251/42778,true,Online Sale: 20%
https://www.lingchat.pro,Learning,40812,LingChat,Active,https://shenzhenshuttertechnologycoltd.sjv.io/c/7401119/3227605/40812,true,Online Sale: 40%
https://www.wondershare.com,Apps,15586,Wondershare Software Program,Active,https://wondersharesoftware.pxf.io/c/7401119/1266848/15586,true,Online Sale: 30%
https://www.shopify.com,Website Hosting,13624,Shopify,Active,https://shopify.pxf.io/c/7401119/1061744/13624,true,"Full Price Shop: US$25.00-US$150.00
Retained Full Price Shops: 12 Mo: US$0.00
Retained Full Price Shops: 9 Mo: US$0.00
Retained Full Price Shops: 6 Mo: US$0.00
Retained Full Price Shops: 3 Mo: US$0.00
Paid Trial: US$0.00
Free Trial: US$0.00"
http://cvlife.com,Outdoors & Recreation,24051,cvlife.com,Active,https://cvlife.sjv.io/c/7401119/1967060/24051,true,Online Sale: 10%
http://www.shutterstock.com,Images,1305,Shutterstock's Affiliate Partner Program,Expired,https://shutterstock.7eer.net/c/7401119/42119/1305,true,"Shutterstock Purchase: 10%-20%
PremiumBeat Purchase: 30%
Shutterstock Rebill: 20%"
https://sidi.com/,Sports Apparel & Accessories,50060,Sidi,Active,https://sidisportsrl.pxf.io/c/7401119/3827404/50060,true,Online Sale: 4%-6%
https://esimx.com,Internet Service Provider,27320,eSIMX,Active,https://skylarkconnectllc.pxf.io/c/7401119/2147759/27320,true,OnlineSale: 15%
https://www.botslab.com/,Parts & Accessories,43473,Botslab,Active,https://smartnetworkcolimited.pxf.io/c/7401119/3307751/43473,true,"Online Sale: 10%
Online Sales - DE : 10%"
http://www.sportsevents365.com/,Tickets & Shows,23992,Sports Events 365 (GLOBAL),Active,https://sportsevents365.pxf.io/c/7401119/1963967/23992,true,Online Booking: 7%
https://wr.st-asu.com/company,Software,29798,WEBROOT master,Active,https://stasupteltd.sjv.io/c/7401119/2375998/29798,true,Subscription: 200%
https://www.litime.com/,Accessories & Peripherals,49141,ipowerqueen.de,Active,https://powerqueende.sjv.io/c/7401119/3800459/49141,true,"Online Sale-FR: 5%
Online Sale: 5%"
https://www.litime.com/,Outdoors & Recreation,49142,Redodo Power-DE,Active,https://redodopowerde.sjv.io/c/7401119/3800466/49142,true,"Online Sale-FR: 5%
Online Sale-ES: 5%
Online Sale: 5%"
https://stuhrling.com/,Jewelry & Watches,48882,Stuhrling Original,Active,https://stuhrlingoriginal.pxf.io/c/7401119/3794754/48882,true,Online Sale: 5%
https://suosooptics.com/,Sports Apparel & Accessories,49879,SUOSO_Official,Active,https://suosoofficial.pxf.io/c/7401119/3823459/49879,true,"Online Sale: 15%
Recurring Sales: 5%"
http://surfshark.com/,Software,9043,Surfshark ,Active,https://surfshark.sjv.io/c/7401119/529009/9043,true,Conversion: 40%
https://www.funwhole.com/,Collectibles & Hobbies,17189,Lumibricks ,Active,https://funwhole.sjv.io/c/7401119/1448255/17189,true,Online Sale: 8%
https://www.funwhole.com/,Collectibles & Hobbies,17190,Lightailing,Active,https://lightailing.sjv.io/c/7401119/1448258/17190,true,Online Sale: 8%
http://www.tempo.fit/,Sports & Exercise Equipment,11505,Tempo,Active,https://imp.i277339.net/c/7401119/814975/11505,true,Online Sale: 8%-50%
http://termly.io,Legal,10463,Termly ,Active,https://termly.7zqw8y.net/c/7401119/671890/10463,true,"Recurring Subscription: 5%
Initial Subscription: 5%"
https://transkriptor.com,Apps,43973,Transkriptor,Active,https://textintelfze.pxf.io/c/7401119/3330453/43973,true,"Sale Re-subscription: 30%
Sale Subscription: 30%
Lead Signup: USD0.00"
https://bstd.ai,Software,47751,The Bayesian School of Technological Development Ltd [bstd],Active,https://thebayesianschooloftechnologicaldevelopmentltdbstd.sjv.io/c/7401119/3760719/47751,true,Purchase: 20%
http://infinitekind.com,Apps,9402,Moneydance,Active,https://tik.pxf.io/c/7401119/566816/9402,true,Purchase Moneydance: 30%
http://tinylandus.com,Games/Toys,19135,Tiny Land,Active,https://tinyland.pxf.io/c/7401119/1648309/19135,true,Online Sale: 5%-12%
http://www.tokendab.com,Food & Drink,17522,Toke n Dab,Active,https://toke-n-dab.pxf.io/c/7401119/1485339/17522,true,Online Sale: 10%
https://www.tp-link.com,Consumer Electronics,53756,TP-Link Deutschland GmbH,Active,https://tplinkdeutschlandgmbh.pxf.io/c/7401119/3922060/53756,true,Online Sale: 7%
https://treexy.com,Apps,8272,Treexy,Active,https://treexy.pxf.io/c/7401119/468653/8272,true,Treexy Online Sale: 25%
https://tribesigns.com/,Bed & Bath,26195,Tribesigns,Active,https://tribesigns.pxf.io/c/7401119/2085494/26195,true,Online Sale: 5%
http://trugrit-fitness.com/,Sports & Exercise Equipment,17133,Tru Grit Fitness,Active,https://trugritfitness.pxf.io/c/7401119/1442992/17133,true,Online Sale: 5%
https://us.tcl.com/,Consumer Electronics,48321,TCL US Affiliate Program,Active,https://ttetechnologyinc.pxf.io/c/7401119/3779813/48321,true,Online Sale: 8%
https://www.readkidz.com/,Software,30284,ReadKidz,Active,https://turingmobihktechnologycolimited.sjv.io/c/7401119/2492434/30284,true,Online Sale: 30%-45%
http://www.turtlebeach.com/,Accessories & Peripherals,23722,Turtle Beach EU,Active,https://turtlebeacheu.sjv.io/c/7401119/1951241/23722,true,Online Sale: 4%
http://www.tvcmall.com/,B2B,22026,TVCMALL,Active,https://tvcmall.pxf.io/c/7401119/1841783/22026,true,Online Sale: 5%-11%
https://twizzlo.com,B2B,53180,Twizzlo,Active,https://twizzlo.pxf.io/c/7401119/3905607/53180,true,Paid Subscription: 50%
https://udemy.com,Learning,39854,Udemy,Active,https://trk.udemy.com/c/7401119/3193860/39854,true,"Subscriptions: 10%-20%
Course Purchase: 10%
Sign Up: $0.00"
https://m.unice.com,Women's Apparel,15659,nadula,Active,https://nadula.sjv.io/c/7401119/1273329/15659,true,Online Sale: 6%
https://m.unice.com,Women's Apparel,15661,klaiyihair,Active,https://klaiyihair.pxf.io/c/7401119/1273339/15661,true,Online Sale: 7%
https://www.miniolie.com,Women's Apparel,47115,buddhastoneshop,Active,https://buddhastoneshop.sjv.io/c/7401119/3742426/47115,true,Online Sale: 8%-20%
https://www.uperfectmonitor.com,Collectibles & Hobbies,15155,UPERFECT,Active,https://uperfect.sjv.io/c/7401119/1226533/15155,true,Online Sale: 10%
https://www.knowledgehut.com/,Learning,29600,Upgrad Knowledgehut,Active,https://knowledgehut.pxf.io/c/7401119/2327352/29600,true,Online Sale: 10%-50%
https://Varvikas.shop,Collectibles & Hobbies,37172,Varvikas,Expired,https://varvikaspolandspzoo.sjv.io/c/7401119/3051056/37172,true,Online Sale: 0%
http://www.ravpower.com,Consumer Electronics,21526,RAVPower,Active,https://zebaoaffiliateprogram.pxf.io/c/7401119/1809767/21526,true,Online Sale: 3%-8%
http://www.ravpower.com,Food & Drink,21553,ParisRhone,Active,https://parisrhonecom.sjv.io/c/7401119/1811170/21553,true,Online Sale: 8%
http://www.ravpower.com,Pet Services,21554,Aspiron,Active,https://aspironcom.sjv.io/c/7401119/1811185/21554,true,Online Sale: 10%
http://www.vevor.com,Parts & Accessories,22815,VEVOR AU,Active,https://vevorau.pxf.io/c/7401119/1905121/22815,true,Online Sale: 5%
http://www.vevor.com,Parts & Accessories,22821,VEVOR EU,Active,https://vevoreu.pxf.io/c/7401119/1905154/22821,true,Online Sale: 5%
https://sider.ai,Apps,28963,Sider,Active,https://vidlineinc.pxf.io/c/7401119/2234186/28963,true,"Online Sale: 12%-30%
Online Download: $0.00
Sign up: $0.00"
http://www.vilagale.com,Accommodations,26071,Vila Gale (GLOBAL),Active,https://vilagale.pxf.io/c/7401119/2078066/26071,true,Online Booking: 6%
https://vistasocial.com,B2B,33456,Vista Social,Active,https://vistasocial.sjv.io/c/7401119/2872681/33456,true,"Sale: 20%
Lead Sign up : $0.00"
https://voyeglobal.com,Internet Service Provider,25196,Voye Global ,Active,https://voyeglobalconnectivity.pxf.io/c/7401119/2025391/25196,true,New Online Sale: 15%
https://picwish.com/,Apps,35829,gitmind.com,Active,https://gitmindcom.sjv.io/c/7401119/2988768/35829,true,"Online Sales: 30%-35%
Sign-up: USD0.00"
http://www.watches2u.com,Women's Apparel,8305,Watches2U,Active,https://watches2u.pxf.io/c/7401119/471879/8305,true,online sale : 1%-2%
http://www.watches2u.com,Women's Apparel,8354,sunglasses2u,Active,https://sunglasses2u.pxf.io/c/7401119/475790/8354,true,sunglasses2u: 1%-2%
http://www.watches2u.com,Women's Apparel,8355,chriselli,Active,https://chriselli.pxf.io/c/7401119/475792/8355,true,chriselli: 1%-2%
http://www.watches2u.com,Jewelry & Watches,13473,Toff London,Active,https://toff-london.sjv.io/c/7401119/1033958/13473,true,Online Sale: 5%
https://wavespeed.ai,Website Hosting,46646,WaveSpeedAI,Active,https://wavespeedai.pxf.io/c/7401119/3726033/46646,true,Deposit: 10%
https://wegic.ai/,Website Hosting,41022,Wegic,Active,https://wegic-ai.pxf.io/c/7401119/3232377/41022,true,Online Sales: 15%-35%
https://www.billionconnect.net/,Apps,44026,Billion Connect,Active,https://weitaigetechnologycolimited.pxf.io/c/7401119/3331478/44026,true,Online Sale: 10%
https://awolvision.com,Consumer Electronics,52671,valerion.eu & us,Active,https://wwwvalerioncomeu.pxf.io/c/7401119/3889854/52671,true,Online Sale: 5%
https://www.cutout.pro,Apps,36316,www.promeai.pro,Active,https://winroadholdingslimited.pxf.io/c/7401119/3011401/36316,true,Online Sale: 30%
https://www.cutout.pro,Apps,36598,www.cutout.pro,Active,https://cutoutpro.pxf.io/c/7401119/3024927/36598,true,Online Sale: 20%
https://www.cutout.pro,Apps,36599,ideal.house,Active,https://idealhouse.pxf.io/c/7401119/3024929/36599,true,Online Sale: 30%
http://wiskiiactive.com/,Sports Apparel & Accessories,18713,WISKIIACTIVE ,Active,https://wiskiiactive.sjv.io/c/7401119/1611381/18713,true,Online Sale: 10%
https://wizbay.com,Women's Apparel,48743,WIZBAY LTD,Active,https://wizbayltd.sjv.io/c/7401119/3791774/48743,true,"Purchase: 8%
Sign Up: EUR0.00"
https://www.helloice.com/,Jewelry & Watches,26893,Helloice,Active,https://helloicecom.pxf.io/c/7401119/2119038/26893,true,Online Sales: 15%
https://www.comfier.com,,33448,Comfier,Active,https://xiamencomfiertechnologycoltd.sjv.io/c/7401119/2872356/33448,true,Online Sale: 10%
https://www.comfier.com,Spa & Personal Grooming,33550,Snailax,Active,https://comfier.pxf.io/c/7401119/2877153/33550,true,Online Sale: 10%
https://xmind.com,Apps,44551,Xmind LTD,Active,https://xmindltd.sjv.io/c/7401119/3369010/44551,true,"Online Sale: 30%
Sign-Up: USD0.01"
https://amandahairs.com,Bags & Accessories,51769,geetahair,Active,https://geetahair.sjv.io/c/7401119/3870089/51769,true,Online Sale: 10%
https://www.belffin.com,Furniture & Home Decor,29893,Belffin ,Active,https://yokrithlimited.sjv.io/c/7401119/2391686/29893,true,Online Sale: 6%
http://youparcel.com,Apps,17634,ship7.com,Active,https://ship7com.pxf.io/c/7401119/1495182/17634,true,Purchase Complete: $5.00
http://zendrop.com,Women's Apparel,19190,Zendrop Partner Program,Active,https://zendrop.sjv.io/c/7401119/1653810/19190,true,"Paid Plan Purchase: $25.00
Recurring Subscription: 0%
Online Lead: $0.00"
https://chillsim.net,Mobile Services & Telecommunications,45279,ChillSim,Active,https://chillsim.sjv.io/c/7401119/3398439/45279,true,"Sale Subscription: 20%
Lead Signup: EUR0.00"
https://zereanlabs.com,Diet & Nutrition,47303,Zerean Limited,Active,https://zereanlimited.pxf.io/c/7401119/3747848/47303,true,Online Sale: 15%
https://www.zerobounce.net,B2B,31392,ZeroBounce,Active,https://aff.zerobounce.net/c/7401119/2742002/31392,true,"Purchase: 5%-18%
Account Creation: $0.00"
https://www.airzlink.com,Accessories & Services,47959,AirZlink eSIM Store,Active,https://zhonglianhongkonglimited.sjv.io/c/7401119/3766378/47959,true,Online Sale: 15%
https://kailasgear.com,Sports Apparel & Accessories,49420,kailas,Active,https://go.pxf.io/c/7401119/3809280/49420,true,Online Sale: 8%
https://autofull.com,,32662,Autofull Gaming Chair,Active,https://go.sjv.io/c/7401119/2829774/32662,true,Online Sale: 5%
https://www.mscompanyltd.jp/,Food & Drink,41558,SEN,Active,https://senparis.pxf.io/c/7401119/3258614/41558,true,購入完了: 20%
https://ekrcover.com,Parts & Accessories,45354,EKR - US,Active,https://ekrcoverus.sjv.io/c/7401119/3402682/45354,true,OnlineSale: 5%
